Start,End,30s,300s,600s,1800s,30s - spread,300s - spread,600s - spread,1800s - spread
3,3,0.172413793,0.17816092,0.189655172,0.137931034,0.1635338,0.16033755,0.19323533,0.20595715
4,4,0.172413793,0.17816092,0.189655172,0.137931034,0.13994146,0.1426522,0.16754672,0.17750165
5,5,0.264367816,0.252873563,0.281609195,0.229885057,0.13994146,0.1426522,0.16754672,0.17750165
6,6,0.264367816,0.252873563,0.281609195,0.229885057,0.10476214,0.10145805,0.13367783,0.14586485
7,7,0.264367816,0.252873563,0.281609195,0.229885057,0.10476214,0.10145805,0.13367783,0.14586485
8,8,0.264367816,0.252873563,0.281609195,0.229885057,0.0880295,0.09305088,0.12867157,0.12010346
9,9,0.264367816,0.252873563,0.281609195,0.229885057,0.07188606,0.08058388,0.11404563,0.09585431
10,10,0.264367816,0.252873563,0.281609195,0.229885057,0.07704718,0.08512202,0.10925419,0.09317109
11,11,0.264367816,0.252873563,0.281609195,0.229885057,0.06081078,0.06740437,0.0860783,0.07716725
12,12,0.264367816,0.252873563,0.281609195,0.229885057,0.05993562,0.06637232,0.08452197,0.0750189
13,13,0.494252874,0.264367816,0.206896552,0.120689655,0.05373572,0.05744794,0.0611674,0.06069046
14,14,0.494252874,0.264367816,0.206896552,0.120689655,0.05373572,0.05744794,0.0611674,0.06069046
15,15,0.494252874,0.264367816,0.206896552,0.120689655,0.04986395,0.05701192,0.06673109,0.06009439
16,16,0.494252874,0.264367816,0.206896552,0.120689655,0.04986395,0.05701192,0.06673109,0.06009439
17,17,0.494252874,0.264367816,0.206896552,0.120689655,0.04986395,0.05701192,0.06673109,0.06009439
18,18,0.494252874,0.264367816,0.206896552,0.120689655,0.04986395,0.05701192,0.06673109,0.06009439
19,19,0,0,0,0,0.04986395,0.05701192,0.06673109,0.06009439
20,20,0,0,0,0,0.04986395,0.05701192,0.06673109,0.06009439
21,21,-0.034482759,0.155172414,0.206896552,0.396551724,0.04986395,0.05701192,0.06673109,0.06009439
22,22,-0.034482759,0.155172414,0.206896552,0.396551724,0.04986395,0.05701192,0.06673109,0.06009439
23,23,-0.034482759,0.155172414,0.206896552,0.396551724,0.04986395,0.05701192,0.06673109,0.06009439
24,24,-0.034482759,0.155172414,0.206896552,0.396551724,0.04986395,0.05701192,0.06673109,0.06009439
25,25,-0.034482759,0.155172414,0.206896552,0.396551724,0.04598377,0.05252553,0.06145619,0.05534598
26,26,-0.034482759,0.155172414,0.206896552,0.396551724,0.04598377,0.05252553,0.06145619,0.05534598
27,27,-0.034482759,0.155172414,0.206896552,0.396551724,0.04598377,0.05252553,0.06145619,0.05534598
28,28,0,0,0,0,0.04598377,0.05252553,0.06145619,0.05534598
29,29,0,0,0,0,0.04598377,0.05252553,0.06145619,0.05534598
30,30,0,0,0,0,0.04598377,0.05252553,0.06145619,0.05534598
31,31,0,0,0,0,0.04598377,0.05252553,0.06145619,0.05534598
32,32,0.068965517,0.011494253,0.051724138,0.097701149,0.04598377,0.05252553,0.06145619,0.05534598
33,33,0.068965517,0.011494253,0.051724138,0.097701149,0.04598377,0.05252553,0.06145619,0.05534598
34,34,0.068965517,0.011494253,0.051724138,0.097701149,0.04598377,0.05252553,0.06145619,0.05534598
35,35,0.068965517,0.011494253,0.051724138,0.097701149,0.04598377,0.05252553,0.06145619,0.05534598
36,36,0.068965517,0.011494253,0.051724138,0.097701149,0.04598377,0.05252553,0.06145619,0.05534598
37,37,0.235632184,0.074712644,0.109195402,0.132183908,0.04493591,0.05221537,0.06062852,0.05345545
38,38,0.235632184,0.074712644,0.109195402,0.132183908,0.0403411,0.0476323,0.05460494,0.04413337
39,39,0.235632184,0.074712644,0.109195402,0.132183908,0.04563244,0.05398329,0.0619153,0.04999335
40,40,0.235632184,0.074712644,0.109195402,0.132183908,0.04730344,0.04992381,0.06112114,0.06403769
41,41,0.235632184,0.074712644,0.109195402,0.132183908,0.05135424,0.05631607,0.06697259,0.07492996
42,42,0.235632184,0.074712644,0.109195402,0.132183908,0.065026,0.06578846,0.08474653,0.09348833
43,43,0.235632184,0.074712644,0.109195402,0.132183908,0.065026,0.06578846,0.08474653,0.09348833
44,44,0.235632184,0.074712644,0.109195402,0.132183908,0.23220229,0.26104093,0.35693769,0.45287704
45,45,0.235632184,0.074712644,0.109195402,0.132183908,0.41180853,0.47295327,0.62228833,0.78649678
46,46,0.235632184,0.074712644,0.109195402,0.132183908,0.41180853,0.47295327,0.62228833,0.78649678
47,47,0.235632184,0.074712644,0.109195402,0.132183908,0.60278626,0.68428666,0.85734791,0.97881641
48,48,0.396551724,0.270114943,0.224137931,0.172413793,0.8781498,0.99788803,1.25076437,1.44038275
49,49,0.396551724,0.270114943,0.224137931,0.172413793,0.8781498,0.99788803,1.25076437,1.44038275
50,50,0.396551724,0.270114943,0.224137931,0.172413793,0.98474171,1.10695343,1.32746708,1.36345567
51,51,0.396551724,0.270114943,0.224137931,0.172413793,0.98474171,1.10695343,1.32746708,1.36345567
52,52,0.132183908,0.379310345,0.465517241,0.58045977,0.98474171,1.10695343,1.32746708,1.36345567
53,53,0.132183908,0.379310345,0.465517241,0.58045977,0.52353596,0.58349886,0.70217257,0.73396163
54,54,0.132183908,0.379310345,0.465517241,0.58045977,0.37728072,0.41590504,0.502491,0.53706805
55,55,0.132183908,0.379310345,0.465517241,0.58045977,0.31684472,0.34890587,0.41789308,0.43546202
56,56,0.132183908,0.379310345,0.465517241,0.58045977,0.31684472,0.34890587,0.41789308,0.43546202
57,57,0.132183908,0.379310345,0.465517241,0.58045977,0.31684472,0.34890587,0.41789308,0.43546202
58,58,0.247126437,0.206896552,0.264367816,0.298850575,0.31684472,0.34890587,0.41789308,0.43546202
59,59,0.264367816,0.155172414,0.149425287,0.103448276,0.31684472,0.34890587,0.41789308,0.43546202
60,60,0.264367816,0.155172414,0.149425287,0.103448276,0.31684472,0.34890587,0.41789308,0.43546202
61,61,0.264367816,0.155172414,0.149425287,0.103448276,0.31684472,0.34890587,0.41789308,0.43546202
62,62,0.264367816,0.155172414,0.149425287,0.103448276,0.31684472,0.34890587,0.41789308,0.43546202
63,63,0.264367816,0.155172414,0.149425287,0.103448276,0.34999822,0.38721851,0.46285954,0.47720218
64,64,0.264367816,0.155172414,0.149425287,0.103448276,0.34999822,0.38721851,0.46285954,0.47720218
65,65,0.264367816,0.155172414,0.149425287,0.103448276,0.34999822,0.38721851,0.46285954,0.47720218
66,66,0.264367816,0.155172414,0.149425287,0.103448276,0.34999822,0.38721851,0.46285954,0.47720218
67,67,0.270114943,0.189655172,0.224137931,0.247126437,0.39794288,0.44174755,0.52718978,0.53932461
68,68,-0.040229885,0.005747126,0.068965517,0.155172414,0.39794288,0.44174755,0.52718978,0.53932461
69,69,0.005747126,0.034482759,0.051724138,0.172413793,0.39794288,0.44174755,0.52718978,0.53932461
70,70,0.005747126,0.034482759,0.051724138,0.172413793,0.39794288,0.44174755,0.52718978,0.53932461
71,71,0.005747126,0.034482759,0.051724138,0.172413793,0.39794288,0.44174755,0.52718978,0.53932461
72,72,0.005747126,0.034482759,0.051724138,0.172413793,0.39794288,0.44174755,0.52718978,0.53932461
73,73,0.005747126,0.034482759,0.051724138,0.172413793,0.39794288,0.44174755,0.52718978,0.53932461
74,74,0,0.017241379,0.057471264,0.132183908,0.39794288,0.44174755,0.52718978,0.53932461
75,75,0,0.017241379,0.057471264,0.132183908,0.39794288,0.44174755,0.52718978,0.53932461
76,76,0.143678161,0.143678161,0.16091954,0.149425287,0.47063664,0.52861623,0.63188112,0.64636839
77,77,0.143678161,0.143678161,0.16091954,0.149425287,0.47063664,0.52861623,0.63188112,0.64636839
78,78,0.143678161,0.143678161,0.16091954,0.149425287,0.54633785,0.61597453,0.73736616,0.75815499
79,79,0.143678161,0.143678161,0.16091954,0.149425287,0.54633785,0.61597453,0.73736616,0.75815499
80,80,0.143678161,0.143678161,0.16091954,0.149425287,0.57375812,0.7194802,0.92523743,0.96380124
81,81,0.143678161,0.143678161,0.16091954,0.149425287,0.57375812,0.7194802,0.92523743,0.96380124
82,82,0.143678161,0.143678161,0.16091954,0.149425287,0.6764927,0.84710054,1.06048925,1.10848853
83,83,0.143678161,0.143678161,0.16091954,0.149425287,0.12607724,0.07521419,0.05534619,0.04002417
84,84,0.143678161,0.143678161,0.16091954,0.149425287,0.12607724,0.07521419,0.05534619,0.04002417
85,85,0.143678161,0.143678161,0.16091954,0.149425287,0.09566453,0.06485507,0.05500304,0.04721968
86,86,0.114942529,0.126436782,0.126436782,0.155172414,0.09566453,0.06485507,0.05500304,0.04721968
87,87,0.114942529,0.126436782,0.126436782,0.155172414,0.08404576,0.04916748,0.04436313,0.03889069
88,88,0.114942529,0.126436782,0.126436782,0.155172414,0.10504112,0.08314178,0.0727103,0.04401585
89,89,0.114942529,0.126436782,0.126436782,0.155172414,0.10504112,0.08314178,0.0727103,0.04401585
90,90,0.114942529,0.126436782,0.126436782,0.155172414,0.10504112,0.08314178,0.0727103,0.04401585
91,91,0.114942529,0.126436782,0.126436782,0.155172414,0.10504112,0.08314178,0.0727103,0.04401585
92,92,0.114942529,0.126436782,0.126436782,0.155172414,0.10504112,0.08314178,0.0727103,0.04401585
93,93,0.114942529,0.126436782,0.126436782,0.155172414,0.10504112,0.08314178,0.0727103,0.04401585
94,94,0.114942529,0.126436782,0.126436782,0.155172414,0.10504112,0.08314178,0.0727103,0.04401585
95,95,0.114942529,0.126436782,0.126436782,0.155172414,0.10504112,0.08314178,0.0727103,0.04401585
96,96,0.114942529,0.126436782,0.126436782,0.155172414,0.10504112,0.08314178,0.0727103,0.04401585
97,97,0.114942529,0.126436782,0.126436782,0.155172414,0.12718909,0.10665096,0.09039082,0.05002806
98,98,-0.017241379,-0.068965517,-0.034482759,-0.040229885,0.12718909,0.10665096,0.09039082,0.05002806
99,99,-0.034482759,-0.045977011,-0.051724138,-0.063218391,0.11557341,0.09150925,0.07156003,0.04278969
100,100,-0.034482759,-0.045977011,-0.051724138,-0.063218391,0.14896874,0.12921857,0.10298068,0.05389934
101,101,-0.034482759,-0.045977011,-0.051724138,-0.063218391,0.19954543,0.19733761,0.15689299,0.06454676
102,102,-0.045977011,-0.028735632,-0.017241379,-0.005747126,0.14710517,0.13999639,0.10864903,0.04696319
103,103,-0.045977011,-0.028735632,-0.017241379,-0.005747126,0.11215329,0.10652767,0.08324879,0.03771017
104,104,-0.045977011,-0.028735632,-0.017241379,-0.005747126,0.11215329,0.10652767,0.08324879,0.03771017
105,105,-0.045977011,-0.028735632,-0.017241379,-0.005747126,0.11215329,0.10652767,0.08324879,0.03771017
106,106,-0.063218391,-0.040229885,-0.017241379,-0.040229885,0.11215329,0.10652767,0.08324879,0.03771017
107,107,-0.063218391,-0.040229885,-0.017241379,-0.040229885,0.11215329,0.10652767,0.08324879,0.03771017
108,108,-0.063218391,-0.040229885,-0.017241379,-0.040229885,0.11215329,0.10652767,0.08324879,0.03771017
109,109,0,0,0,0,0.14650933,0.14023241,0.10997124,0.04858273
110,110,0.017241379,-0.005747126,0.028735632,0,0.10704344,0.1016094,0.07950531,0.03619696
111,111,0.017241379,-0.005747126,0.028735632,0,0.10704344,0.1016094,0.07950531,0.03619696
112,112,0.017241379,-0.005747126,0.028735632,0,0.10704344,0.1016094,0.07950531,0.03619696
113,113,0.017241379,-0.005747126,0.028735632,0,0.10704344,0.1016094,0.07950531,0.03619696
114,114,0.126436782,0.137931034,0.172413793,0.172413793,0.10704344,0.1016094,0.07950531,0.03619696
115,115,0.126436782,0.137931034,0.172413793,0.172413793,0.10704344,0.1016094,0.07950531,0.03619696
116,116,0.126436782,0.137931034,0.172413793,0.172413793,0.10704344,0.1016094,0.07950531,0.03619696
117,117,0.126436782,0.137931034,0.172413793,0.172413793,0.10704344,0.1016094,0.07950531,0.03619696
118,118,0.126436782,0.137931034,0.172413793,0.172413793,0.10704344,0.1016094,0.07950531,0.03619696
119,119,0.126436782,0.137931034,0.172413793,0.172413793,0.10704344,0.1016094,0.07950531,0.03619696
120,120,0.126436782,0.137931034,0.172413793,0.172413793,0.10704344,0.1016094,0.07950531,0.03619696
121,121,0.126436782,0.137931034,0.172413793,0.172413793,0.10704344,0.1016094,0.07950531,0.03619696
122,122,0.126436782,0.137931034,0.172413793,0.172413793,0.10704344,0.1016094,0.07950531,0.03619696
123,123,0.172413793,0.212643678,0.281609195,0.264367816,0.10704344,0.1016094,0.07950531,0.03619696
124,124,0.028735632,0.011494253,0.017241379,0.120689655,0.10704344,0.1016094,0.07950531,0.03619696
125,125,0.028735632,0.011494253,0.017241379,0.120689655,0.10704344,0.1016094,0.07950531,0.03619696
126,126,0.028735632,0.011494253,0.017241379,0.120689655,0.0002457,0.00026252,0.00019313,0.00011327
127,127,0.028735632,0.011494253,0.017241379,0.120689655,0.0002457,0.00026252,0.00019313,0.00011327
128,128,0.068965517,0.132183908,0.166666667,0.24137931,0.0002457,0.00026252,0.00019313,0.00011327
129,129,0.091954023,0.143678161,0.149425287,0.235632184,0.0002457,0.00026252,0.00019313,0.00011327
130,130,0.091954023,0.143678161,0.149425287,0.235632184,0.0002457,0.00026252,0.00019313,0.00011327
131,131,0.08045977,0.149425287,0.189655172,0.25862069,0.0002457,0.00026252,0.00019313,0.00011327
132,132,0.08045977,0.149425287,0.189655172,0.25862069,0.0002457,0.00026252,0.00019313,0.00011327
133,133,0.08045977,0.149425287,0.189655172,0.25862069,0.0002457,0.00026252,0.00019313,0.00011327
134,134,0.08045977,0.149425287,0.189655172,0.25862069,0.0002457,0.00026252,0.00019313,0.00011327
135,135,0.08045977,0.149425287,0.189655172,0.25862069,0.0002457,0.00026252,0.00019313,0.00011327
136,136,0.040229885,0.120689655,0.132183908,0.224137931,0.0002457,0.00026252,0.00019313,0.00011327
137,137,0,0.022988506,0.011494253,0.034482759,0.0002457,0.00026252,0.00019313,0.00011327
138,138,0,0.022988506,0.011494253,0.034482759,0.0002457,0.00026252,0.00019313,0.00011327
139,139,0,0.022988506,0.011494253,0.034482759,0.0002457,0.00026252,0.00019313,0.00011327
140,140,-0.005747126,0.045977011,0.103448276,0.068965517,0.0002457,0.00026252,0.00019313,0.00011327
141,141,-0.005747126,0.045977011,0.103448276,0.068965517,0.0002457,0.00026252,0.00019313,0.00011327
142,142,-0.005747126,0.045977011,0.103448276,0.068965517,0.0002457,0.00026252,0.00019313,0.00011327
143,143,-0.005747126,0.045977011,0.103448276,0.068965517,0.0002457,0.00026252,0.00019313,0.00011327
144,144,0.137931034,0.109195402,0.137931034,0.143678161,0.0002457,0.00026252,0.00019313,0.00011327
145,145,-0.017241379,-0.045977011,-0.028735632,-0.022988506,0.0002457,0.00026252,0.00019313,0.00011327
146,146,-0.017241379,-0.045977011,-0.028735632,-0.022988506,0.0002457,0.00026252,0.00019313,0.00011327
147,147,-0.017241379,-0.045977011,-0.028735632,-0.022988506,0.0002457,0.00026252,0.00019313,0.00011327
148,148,-0.017241379,-0.045977011,-0.028735632,-0.022988506,0.0002457,0.00026252,0.00019313,0.00011327
149,149,-0.017241379,-0.045977011,-0.028735632,-0.022988506,0.00276186,0.0027956,0.00212234,0.0012487
150,150,-0.017241379,-0.045977011,-0.028735632,-0.022988506,0.00276186,0.0027956,0.00212234,0.0012487
151,151,0,-0.005747126,-0.022988506,-0.017241379,0.00276186,0.0027956,0.00212234,0.0012487
152,152,0,-0.005747126,-0.022988506,-0.017241379,0.00276186,0.0027956,0.00212234,0.0012487
153,153,0.316091954,0.511494253,0.568965517,0.58045977,0.00276186,0.0027956,0.00212234,0.0012487
154,154,0.540229885,0.775862069,0.862068966,0.902298851,0.00276186,0.0027956,0.00212234,0.0012487
155,155,0.545977011,0.793103448,0.816091954,1,0.00276186,0.0027956,0.00212234,0.0012487
156,156,0.545977011,0.793103448,0.816091954,1,0.00276186,0.0027956,0.00212234,0.0012487
157,157,0.545977011,0.793103448,0.816091954,1,0.0002457,0.00026252,0.00019313,0.00011327
158,158,0.545977011,0.793103448,0.816091954,1,0.0002457,0.00026252,0.00019313,0.00011327
159,159,0.540229885,0.775862069,0.862068966,0.902298851,0.0002457,0.00026252,0.00019313,0.00011327
160,160,0.137931034,0.109195402,0.137931034,0.143678161,0.0002457,0.00026252,0.00019313,0.00011327
161,161,0.143678161,0.120689655,0.143678161,0.149425287,0.0002457,0.00026252,0.00019313,0.00011327
162,162,0.166666667,0.17816092,0.224137931,0.247126437,0.10704344,0.1016094,0.07950531,0.03619696
163,163,0.166666667,0.17816092,0.224137931,0.247126437,0.10704344,0.1016094,0.07950531,0.03619696
164,164,0.166666667,0.17816092,0.224137931,0.247126437,0.10704344,0.1016094,0.07950531,0.03619696
165,165,0.166666667,0.17816092,0.224137931,0.247126437,0.10704344,0.1016094,0.07950531,0.03619696
166,166,0.166666667,0.17816092,0.224137931,0.247126437,0.10704344,0.1016094,0.07950531,0.03619696
167,167,0.166666667,0.17816092,0.224137931,0.247126437,0.10704344,0.1016094,0.07950531,0.03619696
168,168,0.166666667,0.17816092,0.224137931,0.247126437,0.10704344,0.1016094,0.07950531,0.03619696
169,169,0.166666667,0.17816092,0.224137931,0.247126437,0.10704344,0.1016094,0.07950531,0.03619696
170,170,0.166666667,0.17816092,0.224137931,0.247126437,0.10704344,0.1016094,0.07950531,0.03619696
171,171,0.166666667,0.17816092,0.224137931,0.247126437,0.10704344,0.1016094,0.07950531,0.03619696
172,172,0.166666667,0.17816092,0.224137931,0.247126437,0.10704344,0.1016094,0.07950531,0.03619696
173,173,0.166666667,0.17816092,0.224137931,0.247126437,0.10704344,0.1016094,0.07950531,0.03619696
174,174,0.08045977,0.126436782,0.201149425,0.166666667,0.10704344,0.1016094,0.07950531,0.03619696
175,175,0.08045977,0.126436782,0.201149425,0.166666667,0.10704344,0.1016094,0.07950531,0.03619696
176,176,0.08045977,0.126436782,0.201149425,0.166666667,0.10704344,0.1016094,0.07950531,0.03619696
177,177,0.08045977,0.126436782,0.201149425,0.166666667,0.10704344,0.1016094,0.07950531,0.03619696
178,178,0.08045977,0.126436782,0.201149425,0.166666667,0.10704344,0.1016094,0.07950531,0.03619696
179,179,0.08045977,0.126436782,0.201149425,0.166666667,0.10704344,0.1016094,0.07950531,0.03619696
180,180,0.08045977,0.126436782,0.201149425,0.166666667,0.10704344,0.1016094,0.07950531,0.03619696
181,181,0.08045977,0.126436782,0.201149425,0.166666667,0.10704344,0.1016094,0.07950531,0.03619696
